/etc/6to4.conf,Tue Aug 09 14:16:06 EDT 2011,6to4.conf
/etc/AFP.conf,Wed Nov 02 07:13:12 EDT 2011,AFP.conf
/etc/afpovertcp.cfg,Tue Aug 09 14:15:44 EDT 2011,afpovertcp.cfg
/etc/aliases,Tue Aug 09 14:16:06 EDT 2011,aliases
/etc/aliases.db,Tue Aug 09 14:16:06 EDT 2011,aliases.db
/etc/amavisd.conf.default,Tue Aug 09 14:15:59 EDT 2011,amavisd.conf.default
/etc/apache2/#httpd-default.conf#,Fri Sep 14 05:24:01 EDT 2012,#httpd-default.conf#,/etc/apache2/extra/httpd-autoindex.conf,Tue Aug 09 14:15:59 EDT 2011,httpd-autoindex.conf,/etc/apache2/extra/httpd-dav.conf,Tue Aug 09 14:15:59 EDT 2011,httpd-dav.conf,/etc/apache2/extra/httpd-default.conf,Tue Aug 09 14:15:59 EDT 2011,httpd-default.conf,/etc/apache2/extra/httpd-info.conf,Tue Aug 09 14:15:59 EDT 2011,httpd-info.conf,/etc/apache2/extra/httpd-languages.conf,Tue Aug 09 14:15:59 EDT 2011,httpd-languages.conf,/etc/apache2/extra/httpd-manual.conf,Tue Aug 09 14:15:59 EDT 2011,httpd-manual.conf,/etc/apache2/extra/httpd-mpm.conf,Tue Aug 09 14:15:59 EDT 2011,httpd-mpm.conf,/etc/apache2/extra/httpd-multilang-errordoc.conf,Tue Aug 09 14:15:59 EDT 2011,httpd-multilang-errordoc.conf,/etc/apache2/extra/httpd-ssl.conf,Tue Aug 09 14:15:59 EDT 2011,httpd-ssl.conf,/etc/apache2/extra/httpd-userdir.conf,Tue Aug 09 14:15:59 EDT 2011,httpd-userdir.conf,/etc/apache2/extra/httpd-vhosts.conf,Mon Sep 17 05:30:16 EDT 2012,httpd-vhosts.conf,/etc/apache2/extra/httpd-vhosts.conf~,Fri Sep 14 05:31:56 EDT 2012,httpd-vhosts.conf~,/etc/apache2/httpd.conf,Fri Sep 14 05:49:27 EDT 2012,httpd.conf,/etc/apache2/httpd.conf.default,Tue Aug 09 14:15:59 EDT 2011,httpd.conf.default,/etc/apache2/httpd.conf~,Sun Oct 23 09:16:47 EDT 2011,httpd.conf~,/etc/apache2/httpd_ACSServer.conf,Tue Aug 09 14:15:54 EDT 2011,httpd_ACSServer.conf,/etc/apache2/httpd_devicemanagement.conf,Tue Aug 09 14:16:13 EDT 2011,httpd_devicemanagement.conf,/etc/apache2/httpd_podcastlibrary.conf,Tue Aug 09 14:15:55 EDT 2011,httpd_podcastlibrary.conf,/etc/apache2/magic,Tue Aug 09 14:15:59 EDT 2011,magic,/etc/apache2/mime.types,Tue Aug 09 14:15:59 EDT 2011,mime.types,/etc/apache2/original/extra/httpd-autoindex.conf,Tue Aug 09 14:15:59 EDT 2011,httpd-autoindex.conf,/etc/apache2/original/extra/httpd-dav.conf,Tue Aug 09 14:15:59 EDT 2011,httpd-dav.conf,/etc/apache2/original/extra/httpd-default.conf,Tue Aug 09 14:15:59 EDT 2011,httpd-default.conf,/etc/apache2/original/extra/httpd-info.conf,Tue Aug 09 14:15:59 EDT 2011,httpd-info.conf,/etc/apache2/original/extra/httpd-languages.conf,Tue Aug 09 14:15:59 EDT 2011,httpd-languages.conf,/etc/apache2/original/extra/httpd-manual.conf,Tue Aug 09 14:15:59 EDT 2011,httpd-manual.conf,/etc/apache2/original/extra/httpd-mpm.conf,Tue Aug 09 14:15:59 EDT 2011,httpd-mpm.conf,/etc/apache2/original/extra/httpd-multilang-errordoc.conf,Tue Aug 09 14:15:59 EDT 2011,httpd-multilang-errordoc.conf,/etc/apache2/original/extra/httpd-ssl.conf,Tue Aug 09 14:15:59 EDT 2011,httpd-ssl.conf,/etc/apache2/original/extra/httpd-userdir.conf,Tue Aug 09 14:15:59 EDT 2011,httpd-userdir.conf,/etc/apache2/original/extra/httpd-vhosts.conf,Tue Aug 09 14:15:59 EDT 2011,httpd-vhosts.conf,/etc/apache2/original/httpd.conf,Tue Aug 09 14:15:59 EDT 2011,httpd.conf,/etc/apache2/other/bonjour.conf,Tue Aug 09 14:15:59 EDT 2011,bonjour.conf,/etc/apache2/other/php5.conf,Tue Aug 09 14:15:59 EDT 2011,php5.conf,/etc/apache2/users/jason.conf,Tue Aug 09 14:24:06 EDT 2011,jason.conf,/etc/apache2/users/mmj.conf,Wed Mar 14 19:25:07 EDT 2012,mmj.conf,/etc/apache2/webapps/com.apple.webapp.ACSServer.plist,Tue Aug 09 14:15:54 EDT 2011,com.apple.webapp.ACSServer.plist,/etc/apache2/webapps/com.apple.webapp.devicemgr.plist,Tue Aug 09 14:16:13 EDT 2011,com.apple.webapp.devicemgr.plist,/etc/apache2/webapps/com.apple.webapp.php.plist,Tue Aug 09 14:15:59 EDT 2011,com.apple.webapp.php.plist,/etc/apache2/webapps/com.apple.webapp.podcastwikiui.plist,Tue Aug 09 14:15:55 EDT 2011,com.apple.webapp.podcastwikiui.plist
/etc/asl.conf,Tue Aug 09 14:16:03 EDT 2011,asl.conf
/etc/authorization,Wed May 09 20:50:43 EDT 2012,authorization
/etc/auto_home,Tue Aug 09 14:15:59 EDT 2011,auto_home
/etc/auto_master,Tue Aug 09 14:15:59 EDT 2011,auto_master
/etc/autofs.conf,Tue Aug 09 14:15:59 EDT 2011,autofs.conf
/etc/bashrc,Tue Aug 09 14:15:59 EDT 2011,bashrc
/etc/bind.keys,Tue Aug 09 14:16:00 EDT 2011,bind.keys

/etc/com.apple.screensharing.agent.launchd,Sun Sep 30 01:30:53 EDT 2012,com.apple.screensharing.agent.launchd
/etc/csh.cshrc,Tue Aug 09 14:16:14 EDT 2011,csh.cshrc
/etc/csh.login,Tue Aug 09 14:16:14 EDT 2011,csh.login
/etc/csh.logout,Tue Aug 09 14:16:14 EDT 2011,csh.logout
/etc/cups/cupsd.conf,Tue Aug 09 14:15:43 EDT 2011,cupsd.conf,/etc/cups/cupsd.conf.default,Tue Aug 09 14:15:43 EDT 2011,cupsd.conf.default,/etc/cups/ppd/HP_LaserJet_P2055dn.ppd,Sat Oct 29 14:20:23 EDT 2011,HP_LaserJet_P2055dn.ppd,/etc/cups/printers.conf,Sun Nov 25 17:47:20 EST 2012,printers.conf,/etc/cups/printers.conf.O,Sun Nov 25 09:38:48 EST 2012,printers.conf.O,/etc/cups/snmp.conf,Tue Aug 09 14:15:43 EDT 2011,snmp.conf
/etc/defaults/periodic.conf,Tue Aug 09 14:16:00 EDT 2011,periodic.conf
/etc/dnsextd.conf,Tue Aug 09 14:16:04 EDT 2011,dnsextd.conf
/etc/efax.rc,Tue Aug 09 14:16:01 EDT 2011,efax.rc
/etc/emond.d/emond.plist,Tue Aug 09 14:15:57 EDT 2011,emond.plist,/etc/emond.d/rules/com.apple.disks.space.low.plist,Tue Aug 09 14:16:13 EDT 2011,com.apple.disks.space.low.plist,/etc/emond.d/rules/com.apple.disks.space.verylow.plist,Tue Aug 09 14:16:13 EDT 2011,com.apple.disks.space.verylow.plist,/etc/emond.d/rules/com.apple.network.configurationchange.plist,Tue Aug 09 14:16:13 EDT 2011,com.apple.network.configurationchange.plist,/etc/emond.d/rules/com.apple.softwareupdate.updateavailable.plist,Tue Aug 09 14:16:13 EDT 2011,com.apple.softwareupdate.updateavailable.plist,/etc/emond.d/rules/DiskStatus.plist,Tue Aug 09 14:16:13 EDT 2011,DiskStatus.plist,/etc/emond.d/rules/EmondCertificateExpiring.plist,Sun Feb 05 20:49:48 EST 2012,EmondCertificateExpiring.plist,/etc/emond.d/rules/NetworkAlertControl.plist,Tue Aug 09 14:16:13 EDT 2011,NetworkAlertControl.plist,/etc/emond.d/rules/SampleRules.plist,Tue Aug 09 14:15:57 EDT 2011,SampleRules.plist,/etc/emond.d/rules/Xsan.plist,Tue Aug 09 14:16:13 EDT 2011,Xsan.plist
/etc/find.codes,Sat Jun 18 15:44:56 EDT 2011,find.codes
/etc/fstab.hd,Tue Aug 09 14:14:31 EDT 2011,fstab.hd
/etc/ftpd.conf,Tue Aug 09 14:16:04 EDT 2011,ftpd.conf
/etc/ftpd.conf.default,Tue Aug 09 14:16:04 EDT 2011,ftpd.conf.default
/etc/ftpusers,Tue Aug 09 14:15:44 EDT 2011,ftpusers
/etc/gdb.conf,Mon Aug 08 16:36:15 EDT 2011,gdb.conf
/etc/gettytab,Tue Aug 09 14:14:31 EDT 2011,gettytab
/etc/group,Tue Aug 09 14:14:31 EDT 2011,group
/etc/hostconfig,Tue Aug 09 14:14:31 EDT 2011,hostconfig
/etc/hosts,Mon Sep 17 05:29:19 EDT 2012,hosts
/etc/hosts.equiv,Sat Jun 18 15:44:56 EDT 2011,hosts.equiv
/etc/hosts~,Wed Sep 12 06:07:55 EDT 2012,hosts~
/etc/irbrc,Tue Aug 09 14:16:13 EDT 2011,irbrc
/etc/jabberd/Rooms.plist,Tue Aug 09 14:15:57 EDT 2011,Rooms.plist
/etc/kern_loader.conf,Sat Jun 18 15:44:56 EDT 2011,kern_loader.conf
/etc/krb5.keytab,Tue Aug 09 14:22:00 EDT 2011,krb5.keytab
/etc/localtime,Wed May 09 20:44:02 EDT 2012,localtime
/etc/locate.rc,Tue Aug 09 14:16:13 EDT 2011,locate.rc


/etc/mach_init_per_user.d/com.adobe.SwitchBoard.monitor.plist,Tue Aug 30 13:37:40 EDT 2011,com.adobe.SwitchBoard.monitor.plist
/etc/mail/amavisd/languages/de.lproj/charset,Tue Aug 09 14:16:59 EDT 2011,charset,/etc/mail/amavisd/languages/de.lproj/template-dsn.txt,Tue Aug 09 14:16:59 EDT 2011,template-dsn.txt,/etc/mail/amavisd/languages/de.lproj/template-spam-admin.txt,Tue Aug 09 14:16:59 EDT 2011,template-spam-admin.txt,/etc/mail/amavisd/languages/de.lproj/template-spam-sender.txt,Tue Aug 09 14:16:59 EDT 2011,template-spam-sender.txt,/etc/mail/amavisd/languages/de.lproj/template-virus-admin.txt,Tue Aug 09 14:16:59 EDT 2011,template-virus-admin.txt,/etc/mail/amavisd/languages/de.lproj/template-virus-recipient.txt,Tue Aug 09 14:16:59 EDT 2011,template-virus-recipient.txt,/etc/mail/amavisd/languages/de.lproj/template-virus-sender.txt,Tue Aug 09 14:16:59 EDT 2011,template-virus-sender.txt,/etc/mail/amavisd/languages/en.lproj/charset,Tue Aug 09 14:15:59 EDT 2011,charset,/etc/mail/amavisd/languages/en.lproj/template-dsn.txt,Tue Aug 09 14:15:59 EDT 2011,template-dsn.txt,/etc/mail/amavisd/languages/en.lproj/template-spam-admin.txt,Tue Aug 09 14:15:59 EDT 2011,template-spam-admin.txt,/etc/mail/amavisd/languages/en.lproj/template-spam-sender.txt,Tue Aug 09 14:15:59 EDT 2011,template-spam-sender.txt,/etc/mail/amavisd/languages/en.lproj/template-virus-admin.txt,Tue Aug 09 14:15:59 EDT 2011,template-virus-admin.txt,/etc/mail/amavisd/languages/en.lproj/template-virus-recipient.txt,Tue Aug 09 14:15:59 EDT 2011,template-virus-recipient.txt,/etc/mail/amavisd/languages/en.lproj/template-virus-sender.txt,Tue Aug 09 14:15:59 EDT 2011,template-virus-sender.txt,/etc/mail/amavisd/languages/es.lproj/charset,Tue Aug 09 14:17:08 EDT 2011,charset,/etc/mail/amavisd/languages/es.lproj/template-dsn.txt,Tue Aug 09 14:17:08 EDT 2011,template-dsn.txt,/etc/mail/amavisd/languages/es.lproj/template-spam-admin.txt,Tue Aug 09 14:17:08 EDT 2011,template-spam-admin.txt,/etc/mail/amavisd/languages/es.lproj/template-spam-sender.txt,Tue Aug 09 14:17:08 EDT 2011,template-spam-sender.txt,/etc/mail/amavisd/languages/es.lproj/template-virus-admin.txt,Tue Aug 09 14:17:08 EDT 2011,template-virus-admin.txt,/etc/mail/amavisd/languages/es.lproj/template-virus-recipient.txt,Tue Aug 09 14:17:08 EDT 2011,template-virus-recipient.txt,/etc/mail/amavisd/languages/es.lproj/template-virus-sender.txt,Tue Aug 09 14:17:08 EDT 2011,template-virus-sender.txt,/etc/mail/amavisd/languages/fr.lproj/charset,Tue Aug 09 14:17:03 EDT 2011,charset,/etc/mail/amavisd/languages/fr.lproj/template-dsn.txt,Tue Aug 09 14:17:03 EDT 2011,template-dsn.txt,/etc/mail/amavisd/languages/fr.lproj/template-spam-admin.txt,Tue Aug 09 14:17:03 EDT 2011,template-spam-admin.txt,/etc/mail/amavisd/languages/fr.lproj/template-spam-sender.txt,Tue Aug 09 14:17:03 EDT 2011,template-spam-sender.txt,/etc/mail/amavisd/languages/fr.lproj/template-virus-admin.txt,Tue Aug 09 14:17:03 EDT 2011,template-virus-admin.txt,/etc/mail/amavisd/languages/fr.lproj/template-virus-recipient.txt,Tue Aug 09 14:17:03 EDT 2011,template-virus-recipient.txt,/etc/mail/amavisd/languages/fr.lproj/template-virus-sender.txt,Tue Aug 09 14:17:03 EDT 2011,template-virus-sender.txt,/etc/mail/amavisd/languages/it.lproj/charset,Tue Aug 09 14:17:11 EDT 2011,charset,/etc/mail/amavisd/languages/it.lproj/template-dsn.txt,Tue Aug 09 14:17:11 EDT 2011,template-dsn.txt,/etc/mail/amavisd/languages/it.lproj/template-spam-admin.txt,Tue Aug 09 14:17:11 EDT 2011,template-spam-admin.txt,/etc/mail/amavisd/languages/it.lproj/template-spam-sender.txt,Tue Aug 09 14:17:11 EDT 2011,template-spam-sender.txt,/etc/mail/amavisd/languages/it.lproj/template-virus-admin.txt,Tue Aug 09 14:17:11 EDT 2011,template-virus-admin.txt,/etc/mail/amavisd/languages/it.lproj/template-virus-recipient.txt,Tue Aug 09 14:17:11 EDT 2011,template-virus-recipient.txt,/etc/mail/amavisd/languages/it.lproj/template-virus-sender.txt,Tue Aug 09 14:17:11 EDT 2011,template-virus-sender.txt,/etc/mail/amavisd/languages/ja.lproj/charset,Tue Aug 09 14:16:55 EDT 2011,charset,/etc/mail/amavisd/languages/ja.lproj/template-dsn.txt,Tue Aug 09 14:16:55 EDT 2011,template-dsn.txt,/etc/mail/amavisd/languages/ja.lproj/template-spam-admin.txt,Tue Aug 09 14:16:55 EDT 2011,template-spam-admin.txt,/etc/mail/amavisd/languages/ja.lproj/template-spam-sender.txt,Tue Aug 09 14:16:55 EDT 2011,template-spam-sender.txt,/etc/mail/amavisd/languages/ja.lproj/template-virus-admin.txt,Tue Aug 09 14:16:55 EDT 2011,template-virus-admin.txt,/etc/mail/amavisd/languages/ja.lproj/template-virus-recipient.txt,Tue Aug 09 14:16:55 EDT 2011,template-virus-recipient.txt,/etc/mail/amavisd/languages/ja.lproj/template-virus-sender.txt,Tue Aug 09 14:16:55 EDT 2011,template-virus-sender.txt,/etc/mail/amavisd/languages/ko.lproj/charset,Tue Aug 09 14:17:27 EDT 2011,charset,/etc/mail/amavisd/languages/ko.lproj/template-dsn.txt,Tue Aug 09 14:17:27 EDT 2011,template-dsn.txt,/etc/mail/amavisd/languages/ko.lproj/template-spam-admin.txt,Tue Aug 09 14:17:27 EDT 2011,template-spam-admin.txt,/etc/mail/amavisd/languages/ko.lproj/template-spam-sender.txt,Tue Aug 09 14:17:27 EDT 2011,template-spam-sender.txt,/etc/mail/amavisd/languages/ko.lproj/template-virus-admin.txt,Tue Aug 09 14:17:27 EDT 2011,template-virus-admin.txt,/etc/mail/amavisd/languages/ko.lproj/template-virus-recipient.txt,Tue Aug 09 14:17:27 EDT 2011,template-virus-recipient.txt,/etc/mail/amavisd/languages/ko.lproj/template-virus-sender.txt,Tue Aug 09 14:17:27 EDT 2011,template-virus-sender.txt,/etc/mail/amavisd/languages/nl.lproj/charset,Tue Aug 09 14:17:15 EDT 2011,charset,/etc/mail/amavisd/languages/nl.lproj/template-dsn.txt,Tue Aug 09 14:17:15 EDT 2011,template-dsn.txt,/etc/mail/amavisd/languages/nl.lproj/template-spam-admin.txt,Tue Aug 09 14:17:15 EDT 2011,template-spam-admin.txt,/etc/mail/amavisd/languages/nl.lproj/template-spam-sender.txt,Tue Aug 09 14:17:15 EDT 2011,template-spam-sender.txt,/etc/mail/amavisd/languages/nl.lproj/template-virus-admin.txt,Tue Aug 09 14:17:15 EDT 2011,template-virus-admin.txt,/etc/mail/amavisd/languages/nl.lproj/template-virus-recipient.txt,Tue Aug 09 14:17:15 EDT 2011,template-virus-recipient.txt,/etc/mail/amavisd/languages/nl.lproj/template-virus-sender.txt,Tue Aug 09 14:17:15 EDT 2011,template-virus-sender.txt,/etc/mail/amavisd/languages/zh_CN.lproj/charset,Tue Aug 09 14:17:48 EDT 2011,charset,/etc/mail/amavisd/languages/zh_CN.lproj/template-dsn.txt,Tue Aug 09 14:17:48 EDT 2011,template-dsn.txt,/etc/mail/amavisd/languages/zh_CN.lproj/template-spam-admin.txt,Tue Aug 09 14:17:48 EDT 2011,template-spam-admin.txt,/etc/mail/amavisd/languages/zh_CN.lproj/template-spam-sender.txt,Tue Aug 09 14:17:48 EDT 2011,template-spam-sender.txt,/etc/mail/amavisd/languages/zh_CN.lproj/template-virus-admin.txt,Tue Aug 09 14:17:48 EDT 2011,template-virus-admin.txt,/etc/mail/amavisd/languages/zh_CN.lproj/template-virus-recipient.txt,Tue Aug 09 14:17:48 EDT 2011,template-virus-recipient.txt,/etc/mail/amavisd/languages/zh_CN.lproj/template-virus-sender.txt,Tue Aug 09 14:17:48 EDT 2011,template-virus-sender.txt,/etc/mail/amavisd/languages/zh_TW.lproj/charset,Tue Aug 09 14:17:53 EDT 2011,charset,/etc/mail/amavisd/languages/zh_TW.lproj/template-dsn.txt,Tue Aug 09 14:17:53 EDT 2011,template-dsn.txt,/etc/mail/amavisd/languages/zh_TW.lproj/template-spam-admin.txt,Tue Aug 09 14:17:53 EDT 2011,template-spam-admin.txt,/etc/mail/amavisd/languages/zh_TW.lproj/template-spam-sender.txt,Tue Aug 09 14:17:53 EDT 2011,template-spam-sender.txt,/etc/mail/amavisd/languages/zh_TW.lproj/template-virus-admin.txt,Tue Aug 09 14:17:53 EDT 2011,template-virus-admin.txt,/etc/mail/amavisd/languages/zh_TW.lproj/template-virus-recipient.txt,Tue Aug 09 14:17:53 EDT 2011,template-virus-recipient.txt,/etc/mail/amavisd/languages/zh_TW.lproj/template-virus-sender.txt,Tue Aug 09 14:17:53 EDT 2011,template-virus-sender.txt,/etc/mail/DefaultMessages.bundle/Contents/Resources/Dutch.lproj/quota_exceeded.txt,Tue Aug 09 14:17:16 EDT 2011,quota_exceeded.txt,/etc/mail/DefaultMessages.bundle/Contents/Resources/Dutch.lproj/quota_warning.txt,Tue Aug 09 14:17:16 EDT 2011,quota_warning.txt,/etc/mail/DefaultMessages.bundle/Contents/Resources/French.lproj/quota_exceeded.txt,Tue Aug 09 14:17:03 EDT 2011,quota_exceeded.txt,/etc/mail/DefaultMessages.bundle/Contents/Resources/French.lproj/quota_warning.txt,Tue Aug 09 14:17:03 EDT 2011,quota_warning.txt,/etc/mail/DefaultMessages.bundle/Contents/Resources/German.lproj/quota_exceeded.txt,Tue Aug 09 14:16:59 EDT 2011,quota_exceeded.txt,/etc/mail/DefaultMessages.bundle/Contents/Resources/German.lproj/quota_warning.txt,Tue Aug 09 14:16:59 EDT 2011,quota_warning.txt,/etc/mail/DefaultMessages.bundle/Contents/Resources/Italian.lproj/quota_exceeded.txt,Tue Aug 09 14:17:12 EDT 2011,quota_exceeded.txt,/etc/mail/DefaultMessages.bundle/Contents/Resources/Italian.lproj/quota_warning.txt,Tue Aug 09 14:17:12 EDT 2011,quota_warning.txt,/etc/mail/DefaultMessages.bundle/Contents/Resources/Japanese.lproj/quota_exceeded.txt,Tue Aug 09 14:16:55 EDT 2011,quota_exceeded.txt,/etc/mail/DefaultMessages.bundle/Contents/Resources/Japanese.lproj/quota_warning.txt,Tue Aug 09 14:16:55 EDT 2011,quota_warning.txt,/etc/mail/DefaultMessages.bundle/Contents/Resources/ko.lproj/quota_exceeded.txt,Tue Aug 09 14:17:28 EDT 2011,quota_exceeded.txt,/etc/mail/DefaultMessages.bundle/Contents/Resources/ko.lproj/quota_warning.txt,Tue Aug 09 14:17:28 EDT 2011,quota_warning.txt,/etc/mail/DefaultMessages.bundle/Contents/Resources/Spanish.lproj/quota_exceeded.txt,Tue Aug 09 14:17:08 EDT 2011,quota_exceeded.txt,/etc/mail/DefaultMessages.bundle/Contents/Resources/Spanish.lproj/quota_warning.txt,Tue Aug 09 14:17:08 EDT 2011,quota_warning.txt,/etc/mail/DefaultMessages.bundle/Contents/Resources/zh_CN.lproj/quota_exceeded.txt,Tue Aug 09 14:17:48 EDT 2011,quota_exceeded.txt,/etc/mail/DefaultMessages.bundle/Contents/Resources/zh_CN.lproj/quota_warning.txt,Tue Aug 09 14:17:48 EDT 2011,quota_warning.txt,/etc/mail/DefaultMessages.bundle/Contents/Resources/zh_TW.lproj/quota_exceeded.txt,Tue Aug 09 14:17:53 EDT 2011,quota_exceeded.txt,/etc/mail/DefaultMessages.bundle/Contents/Resources/zh_TW.lproj/quota_warning.txt,Tue Aug 09 14:17:53 EDT 2011,quota_warning.txt
/etc/mail.rc,Tue Aug 09 14:16:04 EDT 2011,mail.rc
/etc/man.conf,Tue Aug 09 14:16:04 EDT 2011,man.conf
/etc/manpaths,Tue Aug 09 14:16:03 EDT 2011,manpaths
/etc/manpaths.d/50-X11,Tue Aug 09 14:15:59 EDT 2011,50-X11,/etc/manpaths.d/git,Thu Sep 17 15:25:22 EDT 2009,git
/etc/master.passwd,Tue Aug 09 14:14:31 EDT 2011,master.passwd
/etc/memberd.conf,Tue Aug 09 14:21:47 EDT 2011,memberd.conf
/etc/moduli,Tue Aug 09 14:14:31 EDT 2011,moduli
/etc/named.conf,Tue Aug 09 14:15:43 EDT 2011,named.conf
/etc/nanorc,Tue Aug 09 14:16:04 EDT 2011,nanorc
/etc/networks,Tue Aug 09 14:16:03 EDT 2011,networks
/etc/newsyslog.conf,Tue Aug 09 14:16:00 EDT 2011,newsyslog.conf
/etc/newsyslog.d/com.apple.devicemgr.conf,Tue Aug 09 14:15:55 EDT 2011,com.apple.devicemgr.conf,/etc/newsyslog.d/files.conf,Tue Aug 09 14:16:03 EDT 2011,files.conf,/etc/newsyslog.d/wifi.conf,Tue Aug 09 14:14:31 EDT 2011,wifi.conf
/etc/notify.conf,Tue Aug 09 14:14:31 EDT 2011,notify.conf
/etc/ntp-restrict.conf,Tue Aug 09 14:16:06 EDT 2011,ntp-restrict.conf
/etc/ntp.conf,Tue Aug 09 14:24:55 EDT 2011,ntp.conf
/etc/openldap/DB_CONFIG.example,Tue Aug 09 14:15:55 EDT 2011,DB_CONFIG.example,/etc/openldap/ldap.conf,Tue Aug 09 14:15:55 EDT 2011,ldap.conf,/etc/openldap/ldap.conf.default,Tue Aug 09 14:15:55 EDT 2011,ldap.conf.default,/etc/openldap/schema/apple.schema,Tue Aug 09 14:15:55 EDT 2011,apple.schema,/etc/openldap/schema/apple_auxillary.schema,Tue Aug 09 14:15:55 EDT 2011,apple_auxillary.schema,/etc/openldap/schema/collective.schema,Tue Aug 09 14:15:55 EDT 2011,collective.schema,/etc/openldap/schema/corba.schema,Tue Aug 09 14:15:55 EDT 2011,corba.schema,/etc/openldap/schema/core.ldif,Tue Aug 09 14:15:55 EDT 2011,core.ldif,/etc/openldap/schema/core.schema,Tue Aug 09 14:15:55 EDT 2011,core.schema,/etc/openldap/schema/cosine.ldif,Tue Aug 09 14:15:55 EDT 2011,cosine.ldif,/etc/openldap/schema/cosine.schema,Tue Aug 09 14:15:55 EDT 2011,cosine.schema,/etc/openldap/schema/duaconf.schema,Tue Aug 09 14:15:55 EDT 2011,duaconf.schema,/etc/openldap/schema/dyngroup.schema,Tue Aug 09 14:15:55 EDT 2011,dyngroup.schema,/etc/openldap/schema/fmserver.schema,Tue Aug 09 14:15:55 EDT 2011,fmserver.schema,/etc/openldap/schema/inetorgperson.ldif,Tue Aug 09 14:15:55 EDT 2011,inetorgperson.ldif,/etc/openldap/schema/inetorgperson.schema,Tue Aug 09 14:15:55 EDT 2011,inetorgperson.schema,/etc/openldap/schema/java.schema,Tue Aug 09 14:15:55 EDT 2011,java.schema,/etc/openldap/schema/krb5-kdc.schema,Tue Aug 09 14:15:55 EDT 2011,krb5-kdc.schema,/etc/openldap/schema/microsoft.ext.schema,Tue Aug 09 14:15:55 EDT 2011,microsoft.ext.schema,/etc/openldap/schema/microsoft.schema,Tue Aug 09 14:15:55 EDT 2011,microsoft.schema,/etc/openldap/schema/microsoft.std.schema,Tue Aug 09 14:15:55 EDT 2011,microsoft.std.schema,/etc/openldap/schema/misc.schema,Tue Aug 09 14:15:55 EDT 2011,misc.schema,/etc/openldap/schema/netinfo.schema,Tue Aug 09 14:15:55 EDT 2011,netinfo.schema,/etc/openldap/schema/nis.ldif,Tue Aug 09 14:15:55 EDT 2011,nis.ldif,/etc/openldap/schema/nis.schema,Tue Aug 09 14:15:55 EDT 2011,nis.schema,/etc/openldap/schema/openldap.ldif,Tue Aug 09 14:15:55 EDT 2011,openldap.ldif,/etc/openldap/schema/openldap.schema,Tue Aug 09 14:15:55 EDT 2011,openldap.schema,/etc/openldap/schema/pmi.schema,Tue Aug 09 14:15:55 EDT 2011,pmi.schema,/etc/openldap/schema/ppolicy.schema,Tue Aug 09 14:15:55 EDT 2011,ppolicy.schema,/etc/openldap/schema/README,Tue Aug 09 14:15:55 EDT 2011,README,/etc/openldap/schema/samba.schema,Tue Aug 09 14:15:55 EDT 2011,samba.schema,/etc/openldap/slapd.conf.default,Tue Aug 09 14:15:55 EDT 2011,slapd.conf.default
/etc/pam.d/authorization,Tue Aug 09 14:14:31 EDT 2011,authorization,/etc/pam.d/checkpw,Tue Aug 09 14:15:45 EDT 2011,checkpw,/etc/pam.d/chkpasswd,Tue Aug 09 14:15:50 EDT 2011,chkpasswd,/etc/pam.d/cups,Tue Aug 09 14:15:43 EDT 2011,cups,/etc/pam.d/ftpd,Tue Aug 09 14:15:46 EDT 2011,ftpd,/etc/pam.d/login,Tue Aug 09 14:15:50 EDT 2011,login,/etc/pam.d/login.term,Tue Aug 09 14:15:50 EDT 2011,login.term,/etc/pam.d/other,Tue Aug 09 14:14:31 EDT 2011,other,/etc/pam.d/passwd,Tue Aug 09 14:15:50 EDT 2011,passwd,/etc/pam.d/rshd,Tue Aug 09 14:15:48 EDT 2011,rshd,/etc/pam.d/screensaver,Tue Aug 09 14:15:46 EDT 2011,screensaver,/etc/pam.d/smbd,Tue Aug 09 14:15:50 EDT 2011,smbd,/etc/pam.d/sshd,Tue Aug 09 14:14:31 EDT 2011,sshd,/etc/pam.d/su,Tue Aug 09 14:15:50 EDT 2011,su,/etc/pam.d/sudo,Tue Aug 09 14:15:50 EDT 2011,sudo
/etc/passwd,Tue Aug 09 14:14:31 EDT 2011,passwd
/etc/paths,Tue Aug 09 14:16:03 EDT 2011,paths
/etc/paths.d/50-X11,Tue Aug 09 14:15:59 EDT 2011,50-X11,/etc/paths.d/git,Thu Sep 17 13:15:08 EDT 2009,git
/etc/pear.conf,Wed Sep 12 05:44:36 EDT 2012,pear.conf
/etc/periodic/daily/110.clean-tmps,Tue Aug 09 14:16:00 EDT 2011,110.clean-tmps,/etc/periodic/daily/130.clean-msgs,Tue Aug 09 14:16:00 EDT 2011,130.clean-msgs,/etc/periodic/daily/140.clean-rwho,Tue Aug 09 14:16:00 EDT 2011,140.clean-rwho,/etc/periodic/daily/199.clean-fax,Tue Aug 09 14:16:00 EDT 2011,199.clean-fax,/etc/periodic/daily/310.accounting,Tue Aug 09 14:16:00 EDT 2011,310.accounting,/etc/periodic/daily/400.status-disks,Tue Aug 09 14:16:00 EDT 2011,400.status-disks,/etc/periodic/daily/420.status-network,Tue Aug 09 14:16:00 EDT 2011,420.status-network,/etc/periodic/daily/430.status-rwho,Tue Aug 09 14:16:00 EDT 2011,430.status-rwho,/etc/periodic/daily/999.local,Tue Aug 09 14:16:00 EDT 2011,999.local,/etc/periodic/monthly/199.rotate-fax,Tue Aug 09 14:16:00 EDT 2011,199.rotate-fax,/etc/periodic/monthly/200.accounting,Tue Aug 09 14:16:00 EDT 2011,200.accounting,/etc/periodic/monthly/999.local,Tue Aug 09 14:16:00 EDT 2011,999.local,/etc/periodic/weekly/320.whatis,Tue Aug 09 14:16:00 EDT 2011,320.whatis,/etc/periodic/weekly/999.local,Tue Aug 09 14:16:00 EDT 2011,999.local
/etc/pf.anchors/com.apple,Wed May 09 20:43:42 EDT 2012,com.apple
/etc/pf.conf,Wed May 09 20:43:42 EDT 2012,pf.conf
/etc/pf.os,Tue Aug 09 14:14:31 EDT 2011,pf.os
/etc/php.ini,Wed Sep 12 05:46:02 EDT 2012,php.ini
/etc/php.ini.default,Tue Aug 09 14:15:59 EDT 2011,php.ini.default
/etc/postfix/access,Tue Aug 09 14:16:06 EDT 2011,access,/etc/postfix/aliases,Tue Aug 09 14:16:06 EDT 2011,aliases,/etc/postfix/bounce.cf.default,Tue Aug 09 14:16:06 EDT 2011,bounce.cf.default,/etc/postfix/canonical,Tue Aug 09 14:16:06 EDT 2011,canonical,/etc/postfix/custom_header_checks,Tue Aug 09 14:16:06 EDT 2011,custom_header_checks,/etc/postfix/generic,Tue Aug 09 14:16:06 EDT 2011,generic,/etc/postfix/header_checks,Tue Aug 09 14:16:06 EDT 2011,header_checks,/etc/postfix/LICENSE,Tue Aug 09 14:16:06 EDT 2011,LICENSE,/etc/postfix/main.cf,Tue Aug 09 14:16:06 EDT 2011,main.cf,/etc/postfix/main.cf.default,Tue Aug 09 14:16:06 EDT 2011,main.cf.default,/etc/postfix/master.cf,Tue Aug 09 14:16:06 EDT 2011,master.cf,/etc/postfix/master.cf.default,Tue Aug 09 14:16:06 EDT 2011,master.cf.default,/etc/postfix/postfix-files,Tue Aug 09 14:16:06 EDT 2011,postfix-files,/etc/postfix/relocated,Tue Aug 09 14:16:06 EDT 2011,relocated,/etc/postfix/TLS_LICENSE,Tue Aug 09 14:16:06 EDT 2011,TLS_LICENSE,/etc/postfix/transport,Tue Aug 09 14:16:06 EDT 2011,transport,/etc/postfix/virtual,Tue Aug 09 14:16:06 EDT 2011,virtual

/etc/profile,Tue Aug 09 14:15:59 EDT 2011,profile
/etc/protocols,Tue Aug 09 14:14:31 EDT 2011,protocols
/etc/racoon/psk.txt,Tue Aug 09 14:16:03 EDT 2011,psk.txt,/etc/racoon/racoon.conf,Tue Aug 09 14:15:45 EDT 2011,racoon.conf
/etc/rc.common,Tue Aug 09 14:14:31 EDT 2011,rc.common
/etc/rc.imaging,Tue Aug 09 14:14:31 EDT 2011,rc.imaging
/etc/rc.netboot,Tue Aug 09 14:15:45 EDT 2011,rc.netboot
/etc/resolv.conf,Mon Nov 26 19:02:22 EST 2012,resolv.conf
/etc/resolver/dev,Mon Apr 16 10:18:11 EDT 2012,dev
/etc/rmtab,Sat Jun 18 15:44:56 EDT 2011,rmtab
/etc/rpc,Tue Aug 09 14:14:31 EDT 2011,rpc
/etc/rtadvd.conf,Tue Aug 09 14:16:06 EDT 2011,rtadvd.conf
/etc/security/audit_class,Tue Aug 09 14:15:29 EDT 2011,audit_class,/etc/security/audit_control,Tue Aug 09 14:15:29 EDT 2011,audit_control,/etc/security/audit_event,Tue Aug 09 14:15:29 EDT 2011,audit_event,/etc/security/audit_user,Tue Aug 09 14:15:29 EDT 2011,audit_user,/etc/security/audit_warn,Tue Aug 09 14:15:29 EDT 2011,audit_warn
/etc/services,Tue Aug 09 14:14:31 EDT 2011,services
/etc/shells,Tue Aug 09 14:14:31 EDT 2011,shells
/etc/snmp/snmpd.conf,Tue Aug 09 14:16:05 EDT 2011,snmpd.conf,/etc/snmp/snmpd.conf.default,Tue Aug 09 14:16:05 EDT 2011,snmpd.conf.default
/etc/ssh_config,Tue Aug 09 14:14:31 EDT 2011,ssh_config
/etc/ssh_host_dsa_key,Mon Sep 12 06:45:34 EDT 2011,ssh_host_dsa_key
/etc/ssh_host_dsa_key.pub,Mon Sep 12 06:45:34 EDT 2011,ssh_host_dsa_key.pub
/etc/ssh_host_key,Mon Sep 12 06:45:32 EDT 2011,ssh_host_key
/etc/ssh_host_key.pub,Mon Sep 12 06:45:32 EDT 2011,ssh_host_key.pub
/etc/ssh_host_rsa_key,Mon Sep 12 06:45:33 EDT 2011,ssh_host_rsa_key
/etc/ssh_host_rsa_key.pub,Mon Sep 12 06:45:33 EDT 2011,ssh_host_rsa_key.pub
/etc/sshd_config,Tue Aug 09 14:14:31 EDT 2011,sshd_config
/etc/sudoers,Tue Aug 09 14:16:14 EDT 2011,sudoers
/etc/syslog.conf,Tue Aug 09 14:14:31 EDT 2011,syslog.conf
/etc/ttys,Tue Aug 09 14:14:31 EDT 2011,ttys

/etc/xtab,Sat Jun 18 15:44:56 EDT 2011,xtab
/etc/zshenv,Tue Aug 09 14:16:15 EDT 2011,zshenv
